Workbook

Sheet customer
A1: CustomerID | B1: Ism | C1: Sharif | D1: Hudud
A2: C001 | B2: Alisher | C2: Navoiy | D2: Toshkent
A3: C002 | B3: Malika | C3: Ortiqova | D3: Samarqand
A4: C003 | B4: Sardor | C4: Rahimov | D4: Farg'ona
A5: C004 | B5: Nigora | C5: Jumayeva | D5: Buxoro
A6: C005 | B6: Aziz | C6: Toshmatov | D6: Xorazm
A7: C006 | B7: Madina | C7: Akramova | D7: Namangan
A8: C007 | B8: Jasur | C8: Olimov | D8: Andijon
A9: C008 | B9: Gulnoza | C9: Karimova | D9: Toshkent
A10: C009 | B10: Bobur | C10: Mansurov | D10: Jizzax
A11: C010 | B11: Shahlo | C11: Ergasheva | D11: Navoiy

Sheet products
A1: ProductID | B1: Mahsulot | C1: Kategoriya | D1: Narx | E1: if_tekshirish | F1: not_ishlatish | G1: and_tekshirish
A2: P-11 | B2: Laptop | C2: Texnika | D2: 800 | E2: =IF(AND(C2="Texnika", D2<200), "Tugri", "Notugri") -> Notugri | F2: =IF(NOT(AND(C2="Texnika", D2=800)),"ha", "Yoq") -> Yoq | G2: =IF(AND(C2="Texnika", D2=800),"ha","yuq") -> ha
A3: P-22 | B3: Mouse | C3: Aksessuar | D3: 25 | E3: =IF(AND(C3="Texnika", D3<200), "Tugri", "Notugri") -> Notugri | F3: =IF(NOT(AND(C3="Texnika", D3=800)),"ha", "Yoq") -> ha | G3: =IF(AND(C3="Texnika", D3=800),"ha","yuq") -> yuq
A4: P-33 | B4: Monitor | C4: Texnika | D4: 150 | E4: =IF(AND(C4="Texnika", D4<200), "Tugri", "Notugri") -> Tugri | F4: =IF(NOT(AND(C4="Texnika", D4=800)),"ha", "Yoq") -> ha | G4: =IF(AND(C4="Texnika", D4=800),"ha","yuq") -> yuq
A5: P-44 | B5: Laptop | C5: Aksessuar | D5: 40 | E5: =IF(AND(C5="Texnika", D5<200), "Tugri", "Notugri") -> Notugri | F5: =IF(NOT(AND(C5="Texnika", D5=800)),"ha", "Yoq") -> ha | G5: =IF(AND(C5="Texnika", D5=800),"ha","yuq") -> yuq
A6: P-55 | B6: Phone | C6: Texnika | D6: 600 | E6: =IF(AND(C6="Texnika", D6<200), "Tugri", "Notugri") -> Notugri | F6: =IF(NOT(AND(C6="Texnika", D6=800)),"ha", "Yoq") -> ha | G6: =IF(AND(C6="Texnika", D6=800),"ha","yuq") -> yuq
A7: P-77 | B7: Laptop | C7: Texnika | D7: 800 | E7: =IF(AND(C7="Texnika", D7<200), "Tugri", "Notugri") -> Notugri | F7: =IF(NOT(AND(C7="Texnika", D7=800)),"ha", "Yoq") -> Yoq | G7: =IF(AND(C7="Texnika", D7=800),"ha","yuq") -> ha
A8: P-77 | B8: USB Drive | C8: Aksessuar | D8: 15 | E8: =IF(AND(C8="Texnika", D8<200), "Tugri", "Notugri") -> Notugri | F8: =IF(NOT(AND(C8="Texnika", D8=800)),"ha", "Yoq") -> ha | G8: =IF(AND(C8="Texnika", D8=800),"ha","yuq") -> yuq
A9: P-11 | B9: Headphones | C9: Audio | D9: 50 | E9: =IF(AND(C9="Texnika", D9<200), "Tugri", "Notugri") -> Notugri | F9: =IF(NOT(AND(C9="Texnika", D9=800)),"ha", "Yoq") -> ha | G9: =IF(AND(C9="Texnika", D9=800),"ha","yuq") -> yuq
A10: P-99 | B10: Tablet | C10: Texnika | D10: 350 | E10: =IF(AND(C10="Texnika", D10<200), "Tugri", "Notugri") -> Notugri | F10: =IF(NOT(AND(C10="Texnika", D10=800)),"ha", "Yoq") -> ha | G10: =IF(AND(C10="Texnika", D10=800),"ha","yuq") -> yuq
A11: P-00 | B11: WebCam | C11: Audio | D11: 60 | E11: =IF(AND(C11="Texnika", D11<200), "Tugri", "Notugri") -> Notugri | F11: =IF(NOT(AND(C11="Texnika", D11=800)),"ha", "Yoq") -> ha | G11: =IF(AND(C11="Texnika", D11=800),"ha","yuq") -> yuq

Sheet orders
A1: OrderID | B1: CustomerID | C1: ProductID | D1: Miqdor | E1: Status | F1: xlookap | G1: vlookap | H1: IF_tekshirish | I1: and | J1: Column1 | K1: Column2 | L1: Column3 | M1: Column4
A2: 5001 | B2: C001 | C2: P-11 | D2: 2 | E2: Yetkazildi | F2: =_xlfn.XLOOKUP(C2,products!A:A,products!B:B,"Yoq") -> Laptop | G2: =VLOOKUP(C2, products!$A:$C, 2, 0) -> Laptop | H2: =IF(D2>3, "katta buyurtma", "kichik") -> kichik | I2: =AND(SUM(D:D) > 100, products!D1 > 300) -> FALSE | J2: =VLOOKUP(Table10[[#This Row],[ProductID]], products!A:E, 2, 0) -> Laptop | K2: =VLOOKUP(Table10[[#This Row],[OrderID]],Table10[[#All],[OrderID]:[Status]],4,0) -> 2 | L2: {=VLOOKUP(products!A:D,2,0)} -> #VALUE! | M2: =_xlfn.XLOOKUP(Table10[[#This Row],[ProductID]],products!A:A,products!D:D,0) -> 800
A3: 5002 | B3: C003 | C3: P-33 | D3: 2 | E3: Kutilmoqda | F3: =_xlfn.XLOOKUP(C3,products!A:A,products!B:B,"Yoq") -> Monitor | G3: =VLOOKUP(C3, products!$A:$C, 2, 0) -> Monitor | H3: =IF(D3>3, "katta buyurtma", "kichik") -> kichik | I3: =AND(SUM(D:D) > 100, products!D2 > 700) -> FALSE | J3: =VLOOKUP(Table10[[#This Row],[ProductID]], products!A:E, 2, 0) -> Monitor | K3: =VLOOKUP(Table10[[#This Row],[OrderID]],Table10[[#All],[OrderID]:[Status]],4,0) -> 2 | L3: {=VLOOKUP(products!A:D,2,0)} -> #VALUE! | M3: =_xlfn.XLOOKUP(Table10[[#This Row],[ProductID]],products!A:A,products!D:D,0) -> 150
A4: 5003 | B4: C005 | C4: P-22 | D4: 5 | E4: Yetkazildi | F4: =_xlfn.XLOOKUP(C4,products!A:A,products!B:B,"Yoq") -> Mouse | G4: =VLOOKUP(C4, products!$A:$C, 2, 0) -> Mouse | H4: =IF(D4>3, "katta buyurtma", "kichik") -> katta buyurtma | I4: =AND(SUM(D:D) > 100, products!D3 > 700) -> FALSE | J4: =VLOOKUP(Table10[[#This Row],[ProductID]], products!A:E, 2, 0) -> Mouse | K4: =VLOOKUP(Table10[[#This Row],[OrderID]],Table10[[#All],[OrderID]:[Status]],4,0) -> 5 | L4: {=VLOOKUP(products!A:D,2,0)} -> #VALUE! | M4: =_xlfn.XLOOKUP(Table10[[#This Row],[ProductID]],products!A:A,products!D:D,0) -> 25
A5: 5004 | B5: C002 | C5: P-11 | D5: 1 | E5: Bekor qilindi | F5: =_xlfn.XLOOKUP(C5,products!A:A,products!B:B,"Yoq") -> Laptop | G5: =VLOOKUP(C5, products!$A:$C, 2, 0) -> Laptop | H5: =IF(D5>3, "katta buyurtma", "kichik") -> kichik | I5: =AND(SUM(D:D) > 100, products!D4 > 700) -> FALSE | J5: =VLOOKUP(Table10[[#This Row],[ProductID]], products!A:E, 2, 0) -> Laptop | K5: =VLOOKUP(Table10[[#This Row],[OrderID]],Table10[[#All],[OrderID]:[Status]],4,0) -> 1 | L5: {=VLOOKUP(products!A:D,2,0)} -> #VALUE! | M5: =_xlfn.XLOOKUP(Table10[[#This Row],[ProductID]],products!A:A,products!D:D,0) -> 800
A6: 5005 | B6: C010 | C6: P-55 | D6: 1 | E6: Yetkazildi | F6: =_xlfn.XLOOKUP(C6,products!A:A,products!B:B,"Yoq") -> Phone | G6: =VLOOKUP(C6, products!$A:$C, 2, 0) -> Phone | H6: =IF(D6>3, "katta buyurtma", "kichik") -> kichik | I6: =AND(SUM(D:D) > 100, products!D5 > 700) -> FALSE | J6: =VLOOKUP(Table10[[#This Row],[ProductID]], products!A:E, 2, 0) -> Phone | K6: =VLOOKUP(Table10[[#This Row],[OrderID]],Table10[[#All],[OrderID]:[Status]],4,0) -> 1 | L6: {=VLOOKUP(products!A:D,2,0)} -> #VALUE! | M6: =_xlfn.XLOOKUP(Table10[[#This Row],[ProductID]],products!A:A,products!D:D,0) -> 600
A7: 5006 | B7: C007 | C7: P-77 | D7: 10 | E7: Yetkazildi | F7: =_xlfn.XLOOKUP(C7,products!A:A,products!B:B,"Yoq") -> Laptop | G7: =VLOOKUP(C7, products!$A:$C, 2, 0) -> Laptop | H7: =IF(D7>3, "katta buyurtma", "kichik") -> katta buyurtma | I7: =AND(SUM(D:D) > 100, products!D6 > 700) -> FALSE | J7: =VLOOKUP(Table10[[#This Row],[ProductID]], products!A:E, 2, 0) -> Laptop | K7: =VLOOKUP(Table10[[#This Row],[OrderID]],Table10[[#All],[OrderID]:[Status]],4,0) -> 10 | L7: {=VLOOKUP(products!A:D,2,0)} -> #VALUE! | M7: =_xlfn.XLOOKUP(Table10[[#This Row],[ProductID]],products!A:A,products!D:D,0) -> 800
A8: 5007 | B8: C004 | C8: P-44 | D8: 3 | E8: Kutilmoqda | F8: =_xlfn.XLOOKUP(C8,products!A:A,products!B:B,"Yoq") -> Laptop | G8: =VLOOKUP(C8, products!$A:$C, 2, 0) -> Laptop | H8: =IF(D8>3, "katta buyurtma", "kichik") -> kichik | I8: =AND(SUM(D:D) > 100, products!D7 > 700) -> FALSE | J8: =VLOOKUP(Table10[[#This Row],[ProductID]], products!A:E, 2, 0) -> Laptop | K8: =VLOOKUP(Table10[[#This Row],[OrderID]],Table10[[#All],[OrderID]:[Status]],4,0) -> 3 | L8: {=VLOOKUP(products!A:D,2,0)} -> #VALUE! | M8: =_xlfn.XLOOKUP(Table10[[#This Row],[ProductID]],products!A:A,products!D:D,0) -> 40
A9: 5008 | B9: C008 | C9: P-33 | D9: 1 | E9: Yetkazildi | F9: =_xlfn.XLOOKUP(C9,products!A:A,products!B:B,"Yoq") -> Monitor | G9: =VLOOKUP(C9, products!$A:$C, 2, 0) -> Monitor | H9: =IF(D9>3, "katta buyurtma", "kichik") -> kichik | I9: =AND(SUM(D:D) > 100, products!D8 > 700) -> FALSE | J9: =VLOOKUP(Table10[[#This Row],[ProductID]], products!A:E, 2, 0) -> Monitor | K9: =VLOOKUP(Table10[[#This Row],[OrderID]],Table10[[#All],[OrderID]:[Status]],4,0) -> 1 | L9: {=VLOOKUP(products!A:D,2,0)} -> #VALUE! | M9: =_xlfn.XLOOKUP(Table10[[#This Row],[ProductID]],products!A:A,products!D:D,0) -> 150
A10: 5009 | B10: C001 | C10: P-66 | D10: 2 | E10: Bekor qilindi | F10: =_xlfn.XLOOKUP(C10,products!A:A,products!B:B,"Yoq") -> Yoq | G10: =VLOOKUP(C10, products!$A:$C, 2, 0) -> #N/A | H10: =IF(D10>3, "katta buyurtma", "kichik") -> kichik | I10: =AND(SUM(D:D) > 100, products!D9 > 700) -> FALSE | J10: =VLOOKUP(Table10[[#This Row],[ProductID]], products!A:E, 2, 0) -> #N/A | K10: =VLOOKUP(Table10[[#This Row],[OrderID]],Table10[[#All],[OrderID]:[Status]],4,0) -> 2 | L10: {=VLOOKUP(products!A:D,2,0)} -> #VALUE! | M10: =_xlfn.XLOOKUP(Table10[[#This Row],[ProductID]],products!A:A,products!D:D,0) -> 0
A11: 5010 | B11: C006 | C11: P-55 | D11: 1 | E11: Yetkazildi | F11: =_xlfn.XLOOKUP(C11,products!A:A,products!B:B,"Yoq") -> Phone | G11: =VLOOKUP(C11, products!$A:$C, 2, 0) -> Phone | H11: =IF(D11>3, "katta buyurtma", "kichik") -> kichik | I11: =AND(SUM(D:D) > 100, products!D10 > 700) -> FALSE | J11: =VLOOKUP(Table10[[#This Row],[ProductID]], products!A:E, 2, 0) -> Phone | K11: =VLOOKUP(Table10[[#This Row],[OrderID]],Table10[[#All],[OrderID]:[Status]],4,0) -> 1 | L11: {=VLOOKUP(products!A:D,2,0)} -> #VALUE! | M11: =_xlfn.XLOOKUP(Table10[[#This Row],[ProductID]],products!A:A,products!D:D,0) -> 600
A12: 5011 | B12: C009 | C12: P-44 | D12: 4 | E12: Kutilmoqda | F12: =_xlfn.XLOOKUP(C12,products!A:A,products!B:B,"Yoq") -> Laptop | G12: =VLOOKUP(C12, products!$A:$C, 2, 0) -> Laptop | H12: =IF(D12>3, "katta buyurtma", "kichik") -> katta buyurtma | I12: =AND(SUM(D:D) > 100, products!D11 > 700) -> FALSE | J12: =VLOOKUP(Table10[[#This Row],[ProductID]], products!A:E, 2, 0) -> Laptop | K12: =VLOOKUP(Table10[[#This Row],[OrderID]],Table10[[#All],[OrderID]:[Status]],4,0) -> 4 | L12: {=VLOOKUP(products!A:D,2,0)} -> #VALUE! | M12: =_xlfn.XLOOKUP(Table10[[#This Row],[ProductID]],products!A:A,products!D:D,0) -> 40
A13: 5012 | B13: C002 | C13: P-88 | D13: 2 | E13: Yetkazildi | F13: =_xlfn.XLOOKUP(C13,products!A:A,products!B:B,"Yoq") -> Yoq | G13: =VLOOKUP(C13, products!$A:$C, 2, 0) -> #N/A | H13: =IF(D13>3, "katta buyurtma", "kichik") -> kichik | I13: =AND(SUM(D:D) > 100, products!D12 > 700) -> FALSE | J13: =VLOOKUP(Table10[[#This Row],[ProductID]], products!A:E, 2, 0) -> #N/A | K13: =VLOOKUP(Table10[[#This Row],[OrderID]],Table10[[#All],[OrderID]:[Status]],4,0) -> 2 | L13: {=VLOOKUP(products!A:D,2,0)} -> #VALUE! | M13: =_xlfn.XLOOKUP(Table10[[#This Row],[ProductID]],products!A:A,products!D:D,0) -> 0
A14: 5013 | B14: C003 | C14: P-00 | D14: 1 | E14: Yetkazildi | F14: =_xlfn.XLOOKUP(C14,products!A:A,products!B:B,"Yoq") -> WebCam | G14: =VLOOKUP(C14, products!$A:$C, 2, 0) -> WebCam | H14: =IF(D14>3, "katta buyurtma", "kichik") -> kichik | I14: =AND(SUM(D:D) > 100, products!D13 > 700) -> FALSE | J14: =VLOOKUP(Table10[[#This Row],[ProductID]], products!A:E, 2, 0) -> WebCam | K14: =VLOOKUP(Table10[[#This Row],[OrderID]],Table10[[#All],[OrderID]:[Status]],4,0) -> 1 | L14: {=VLOOKUP(products!A:D,2,0)} -> #VALUE! | M14: =_xlfn.XLOOKUP(Table10[[#This Row],[ProductID]],products!A:A,products!D:D,0) -> 60
... A31: 5030 | B31: C002 | C31: P-22 | D31: 4 | E31: Kutilmoqda | F31: =_xlfn.XLOOKUP(C31,products!A:A,products!B:B,"Yoq") -> Mouse | G31: =VLOOKUP(C31, products!$A:$C, 2, 0) -> Mouse | H31: =IF(D31>3, "katta buyurtma", "kichik") -> katta buyurtma | I31: =AND(SUM(D:D) > 100, products!D30 > 700) -> FALSE | J31: =VLOOKUP(Table10[[#This Row],[ProductID]], products!A:E, 2, 0) -> Mouse | K31: =VLOOKUP(Table10[[#This Row],[OrderID]],Table10[[#All],[OrderID]:[Status]],4,0) -> 4 | L31: {=VLOOKUP(products!A:D,2,0)} -> #VALUE! | M31: =_xlfn.XLOOKUP(Table10[[#This Row],[ProductID]],products!A:A,products!D:D,0) -> 25
